id,movie_title,lead_actor1,lead_actor2,sub_actor1,sub_actor2
1,괴기맨숀,성준,김홍파,김보라,
2,국카스텐 콘서트 실황 : 해프닝,,,,
3,귀문,김강우,김소혜,홍진기,이정형
4,나만 보이니,정진운,솔빈,,
5,내일의 기억,서예지,김강우,,
6,모가디슈,김윤석,조인성,허준호,구교환
7,발신제한,조우진,이재인,진경,
8,방법: 재차의,엄지원,정지소,정문성,김인권
9,범털2 : 쩐의 전쟁,성낙경,신유람,,
10,베르나르다 알바,정영주,황석정,김국희,오소연
11,블랙핑크 더 무비,블랙핑크,,,
12,송가인 더 드라마,송가인,,,
13,숏버스 감성행,,,,
14,숏버스 이별행,공유림,윤현경,김재화,조민재
15,싱크홀,차승원,김성균,이광수,김혜준
16,아이,김향기,류현경,염혜란,
17,온더로드,김재중,,,
18,용루각2: 신들의 밤,지일주,정화,장의수,정의욱
19,인질,황정민,,,
20,정브르의 동물일기,,,,
21,최면,이다윗,조현,김도훈,남민우
22,킬러파티 (양수리 살인사건),양준모,신영숙,김소향,알리
23,트웬티 해커,권현빈,임나영,조현영,김건수
24,파이프라인,서인국,이수혁,음문석,유승목
25,"2021 스웨그 에이지 : 외쳐, 조선!",양희준,김수하,,
26,간이역,김동준,김재경,,
27,검객,장혁,김현수,조타슬림,정만식
28,공포체험라디오 4DX,,,,
29,구직자들,정경호,강유석,,
30,국제수사,곽도원,김대명,김희원,김상호
31,"그대, 고맙소 : 김호중 생애 첫 팬미팅 무비",김호중,,,
32,극장판 미니특공대: 햄버거괴물의 습격,,,,
33,극장판 콩순이: 장난감나라 대모험,,,,
34,기기괴괴 성형수,문남숙,장민혁,조현정,김보영
35,내가 죽던 날,김혜수,이정은,노정의,
36,늙은 부부이야기: 스테이지 무비,김명곤,차유경,,
37,담보,성동일,하지원,김희원,박소이
38,더블패티,신승호,아이린,송지인,
39,도굴,이제훈,조우진,신혜선,임원희
40,디바,신민아,이유영,,
41,런 보이 런,장동윤,서벽준,,
42,매지컬: 공주를 웃겨라,박지윤,남도형,장광,이봉준
43,몬테크리스토: 더 뮤지컬 라이브,카이,린아,김준현,이종문
44,미드나이트,진기주,위하준,박훈,길해연
45,미션 파서블,김영광,이선빈,,
46,미스터 보스,공찬,이승현,최동구,홍은기
47,미스터트롯: 더 무비,임영웅,영탁,이찬원,정동원
48,반도,강동원,이정현,,
49,베르테르,,,,
50,부활: 그 증거,권오중,이성혜,이용규,이어령
51,불어라 검풍아 - 감독판,안지혜,이민지,,
52,브레이크 더 사일런스: 더 무비,RM,진,슈가,제이홉
53,브링 더 소울 : 더 무비,RM,진,슈가,제이홉
54,비와 당신의 이야기,강하늘,천우희,,
55,빛과 철,김시은,염혜란,박지후,
56,삼진그룹 영어토익반,고아성,이솜,박혜수,
57,새해전야,김강우,유인나,유연석,이연희
58,소리도 없이,유아인,유재명,문승아,
59,소리에 놀라지 않는 사자처럼,이금희,,,
60,습도 다소 높음,이희준,김충길,신민재,백승환
61,"시,나리오",신소율,오태경,,
62,신비아파트 뮤지컬 시즌3 : 뱀파이어왕의 비밀,,,,
63,아들의 이름으로,안성기,박근형,윤유선,
64,아르코 라이브 무용 고요한 순환,,,,
65,아르코 라이브 뮤지컬 인사이드 윌리엄,,,,
66,아르코 라이브 뮤지컬 호프,,,,
67,아이들은 즐겁다,이경훈,박예찬,홍정민,박시완
68,여고괴담 여섯번째 이야기 : 모교,김서형,김현수,최리,김형서
69,오! 문희,나문희,이희준,,
70,완벽한 동거,김혁,정시아,,
71,"이별유예, 일주일",유리,현우,한가림,윤지온
72,이웃사촌,정우,오달수,김희원,김병철
73,인플루언서,야생마,강지혜,이유빈,지윤미
74,잃어버린 얼굴 1895,차지연,강상준,금승훈,김건혜
75,조제,한지민,남주혁,,
76,추억의 검정고무신,박지윤,오인실,유해무,손정아
77,큰엄마의 미친봉고,정영주,김가은,황석정,조달환
78,태백권,오지호,신소율,정의욱,
79,토이 솔져스: 가짜사나이2 더 컴플리트,김병지,줄리엔강,힘의길,이과장
80,프리즈너,오지호,조운,,
81,CCTV,곽도원,김단미,박기륭,
82,가장 보통의 연애,김래원,공효진,,
83,감쪽같은 그녀,나문희,김수안,,
84,강철비2: 정상회담,정우성,곽도원,유연석,앵거스맥페이든
85,갱,차지혁,조선기,옥윤중,백재민
86,결백,신혜선,배종옥,허준호,
87,공수도,오승훈,정다은,손우현,
88,광대들: 풍문조작단,조진웅,손현주,박희순,고창석
89,귀신의 향기,강경준,이엘,,
90,그녀의 비밀정원,예지원,최우제,강은우,이지후
91,극장판 미니특공대: 공룡왕 디노,신용우,엄상현,이소영,전태열
92,극장판 반지의 비밀일기,방연지,김선혜,조경이,채민지
93,극장판 샤이닝스타:새로운 루나퀸의 탄생!,정혜원,이명호,박리나,이지현
94,극장판 타오르지마 버스터 - 블랙어썰트의 귀환,홍범기,안효민,안영미,
95,극장판 헬로카봇 : 달나라를 구해줘!,이지현,김용준,양정화,조경이
96,기방도령,준호,정소민,최귀화,예지원
97,깡패와 소녀,서제일,한예진,,
98,나랏말싸미,송강호,박해일,전미선,
99,나를 찾아줘,이영애,유재명,박해준,이원근
100,나쁜 녀석들: 더 무비,마동석,김상중,김아중,장기용
101,남산의 부장들,이병헌,이성민,곽도원,이희준
102,노리개: 그녀의 눈물,마동석,이승연,민지현,이도아
103,더하우스,오창석,서우,,
104,두번할까요,권상우,이정현,이종혁,
105,레드슈즈,클로이모레츠,샘클라플린,지나거손,패트릭워버튼
106,로망,,,,
107,롱 리브 더 킹: 목포 영웅,김래원,원진아,진선규,최귀화
108,머피와 샐리의 법칙,최미교,박태을,이정민,
109,물의 기억,김명곤,한하랑,,
110,미친사랑,공형진,이시원,송재림,
111,배심원들,문소리,박형식,,
112,백두산,이병헌,하정우,마동석,전혜진
113,버티고,,,,
114,변신,,,,
115,봉오동 전투,유해진,류준열,조우진,
116,북간도의 십자가,문성근,문동환,심용환,
117,블랙머니,조진웅,이하늬,,
118,비스트,이성민,유재명,전혜진,최다니엘
119,뽀로로 극장판 보물섬 대모험,이선,이미자,김현지,홍소영
120,사라진 시간,조진웅,배수빈,정해균,차수연
121,서복,공유,박보검,조우진,
122,시동,마동석,박정민,정해인,염정아
123,신비아파트 극장판 하늘도깨비 대 요르문간드,조현정,양정화,김영은,김채하
124,신의 한 수: 귀수편,권상우,김희원,김성균,
125,아르코 라이브 완창판소리프로젝트2 강산제수궁가,,,,
126,아르코라이브 무용 히트 앤 런,,,,
127,아르코라이브 뮤지컬 안테모사,,,,
128,아이즈 온 미 : 더 무비,권은비,미야와키사쿠라,강혜원,최예나
129,"안녕, 티라노: 영원히, 함께",시영준,정혜원,이세은,
130,양자물리학,박해수,서예지,김상호,김응수
131,어린 의뢰인,이동휘,유선,최명빈,이주원
132,얼굴없는 보스 : 못다한 이야기 감독판,천정명,진이한,이시아,이하율
133,엑시트,조정석,윤아,,
134,엔딩스 비기닝스,쉐일린우들리,제이미도넌,세바스찬스탠,
135,열혈형사,김인권,얀츠카,,
136,오케이 마담,엄정화,박성웅,이상윤,배정남
137,왓칭,강예원,이학주,,
138,유열의 음악앨범,김고은,정해인,,
139,이상한 게임,,,,
140,자산어보,설경구,변요한,,
141,장사리 : 잊혀진 영웅들,김명민,최민호,김성철,김인권
142,저 산 너머,이경훈,이항나,안내상,강신일
143,정의심판,조성현,,,
144,정직한 후보,라미란,김무열,나문희,윤경호
145,죽지않는 인간들의 밤,이정현,김성오,서영희,양동근
146,천문: 하늘에 묻는다,최민식,한석규,,
147,침입자,송지효,김무열,,
148,캐논볼,,,,
149,캐리tv 러브콘서트 더 무비,이성인,소경호,현채민,스텔라
150,콩쥐별전 - 전주성의 비밀,,,,
151,퍼펙트맨,설경구,조진웅,,
152,프랑스여자,김호정,김지영,김영민,류아벨
153,피원에이치 : 새로운 세계의 시작,기호,테오,지웅,인탁
154,핑크퐁 시네마 콘서트 : 우주대탐험,조경이,김서영,,
155,해치지않아,안재홍,강소라,박영규,김성오
156,히트맨,권상우,정준호,황우슬혜,이이경
157,"힘을 내요, 미스터 리",차승원,엄채영,박해준,
158,#살아있다,유아인,박신혜,,
159,82년생 김지영,정유미,공유,,
160,걸캅스,라미란,이성경,,
161,국가부도의 날,김혜수,유아인,허준호,조우진
162,극장판 공룡메카드: 타이니소어의 섬,김서영,엄상현,안현서,김장
163,극장판 뽀잉: 슈퍼 변신의 비밀,전태열,엄상현,홍소영,정영웅
164,극장판 헬로카봇 : 백악기 시대,이지현,김용준,양정화,
165,극장판 헬로카봇:옴파로스 섬의 비밀,이지현,김용준,,
166,기묘한 가족,정재영,김남길,엄지원,이수경
167,나의 특별한 형제,신하균,이광수,이솜,
168,내안의 그놈,진영,박성웅,라미란,
169,너의 여자친구,이엘리야,지일주,,
170,"다시, 봄",이청아,홍종현,,
171,당신의 부탁,임수정,윤찬영,,
172,데자뷰,이천희,남규리,이규한,
173,도어락,공효진,김예원,김성오,
174,독고다이,송민경,이윤우,주원탁,
175,동네사람들,마동석,김새론,,
176,러브 유어셀프 인 서울,RM,진,슈가,제이홉
177,런닝맨 : 풀룰루의 역습,김서영,권창욱,엄상현,김연우
178,레슬러,유해진,김민재,이성경,
179,리벤져,브루스칸,박희순,윤진서,김인권
180,리틀 포레스트,김태리,류준열,문소리,진기주
181,말모이,유해진,윤계상,,
182,명당,조승우,지성,김성균,문채원
183,무문관,,,,
184,뮤직 앤 리얼리티,빅포니,임화영,,
185,미니특공대X,엄상현,전태열,이소영,신용우
186,미스터 주: 사라진 VIP,이성민,김서형,배정남,신하균
187,미친도시,이경영,한태일,김미영,
188,배반의 장미,김인권,정상훈,손담비,김성철
189,번 더 스테이지: 더 무비,RM,진,슈가,제이홉
190,번개맨의 비밀,서홍석,유수호,최오식,이상철
191,비밥바룰라,박인환,신구,임현식,윤덕용
192,뺑반,공효진,류준열,조정석,
193,사랑의 선물,문영동,김소민,김려원,
194,사바하,이정재,박정민,이재인,유지태
195,생일,,,,
196,성난황소,마동석,송지효,,
197,속닥속닥,소주연,김민규,,
198,스윙키즈,디오,자레드그라임스,박혜수,오정세
199,신비아파트: 금빛 도깨비와 비밀의 동굴,조현정,김영은,김채하,양정화
200,아버지를 찾아서,,,,
201,안나 카레니나,에카테리나구세바,세르게이리,알렉산더마라쿠린,
202,안시성,조인성,남주혁,박성웅,
203,암전,서예지,진선규,,
204,언더독,디오,박소담,박철민,
205,여곡성,서영희,손나은,이태리,박민지
206,여중생A,김환희,수호,,
207,예스 평창!,최문순,박용성,이광재,박선규
208,오늘도 위위,선우선,심형탁,,
209,우상,한석규,설경구,천우희,
210,웃는남자 감독판,박강현,양준모,민경아,신영숙
211,원더풀 고스트,마동석,김영광,이유영,
212,인랑,강동원,한효주,정우성,김무열
213,인턴형사 오견식,이성열,이예현,허성태,
214,임을 위한 행진곡,김꽃비,김부선,전수현,김채희
215,자전차왕 엄복동,비,강소라,이범수,
216,점박이 한반도의 공룡2 : 새로운 낙원,박희순,라미란,김성균,
217,증인,정우성,김향기,,
218,진범,송새벽,유선,,
219,창궐,현빈,장동건,,
220,크게 될 놈,김해숙,손호준,,
221,클로젯,하정우,김남길,허율,김시아
222,탐정: 리턴즈,권상우,성동일,이광수,
223,터닝메카드W: 반다인의 비밀 특별판,소연,윤미나,이현진,이지현
224,트와이스랜드,나연,정연,모모,사나
225,폐교,천이슬,이윤수,서도현,황명환
226,해적왕 작스톰,엄상현,이주창,정선혜,최석필
227,해피 투게더,박성웅,송새벽,최로운,혁
228,협상,손예진,현빈,,
229,0.0MHz,정은지,이성열,최윤영,신주환
230,7년의 밤,장동건,류승룡,송새벽,고경표
231,PMC: 더 벙커,하정우,이선균,,
232,게이트,정려원,임창정,정상훈,이경영
233,고향이 어디세요,김용복,조윤조,손봉임,손은홍
234,곤지암,위하준,박지현,오아연,문예원
235,골든슬럼버,강동원,김의성,한효주,김성균
236,공작,황정민,이성민,조진웅,주지훈
237,광인옥한흠,옥한흠,김영순,,
238,구세주: 리턴즈,최성국,송재하,김성경,정이연
239,군함도,황정민,소지섭,송중기,이정현
240,그것만이 내 세상,이병헌,윤여정,박정민,
241,극장판 또봇: 로봇군단의 습격,하룡이,신경선,이현,노영주
242,기억의 밤,강하늘,김무열,,
243,꾼,현빈,유지태,배성우,박성웅
244,나비잠,나카야마미호,김재욱,,
245,남한산성,이병헌,김윤석,박해일,고수
246,내게 남은 사랑을,성지루,전미선,권소현,홍석
247,너에게만 들려주고 싶어,팀,손하정,차수빈,최종남
248,너의 결혼식,박보영,김영광,,
249,넛잡 2,윌아넷,캐서린헤이글,성룡,이사벨라모너
250,노트르담 드 파리,안젤로델베키오,히바타와지,리차드샤레스,다니엘라부아
251,"다시, 벚꽃",장범준,,,
252,대립군,이정재,여진구,김무열,
253,대장 김창수,조진웅,송승헌,,
254,더 데빌,,,,
255,더 펜션,조재윤,박효주,조한철,이영진
256,덕구,이순재,정지훈,,
257,독전,조진웅,류준열,김주혁,김성령
258,돌아와요 부산항애(愛),성훈,조한선,윤소이,공정환
259,땐뽀걸즈,이규호,김현빈,박혜영,박시영
260,로마의 휴일,임창정,공형진,정상훈,
261,물괴,김명민,김인권,혜리,최우식
262,미쓰백,한지민,김시아,이희준,
263,박열,이제훈,최희서,김인우,
264,반드시 잡는다,백윤식,성동일,,
265,번개맨과 신비의 섬,서홍석,홍민아,유수호,최오식
266,변산,박정민,김고은,,
267,보통사람,손현주,장혁,,
268,부라더,마동석,이동휘,이하늬,
269,뷰티풀 투모로우,박효신,정재일,,
270,뽀로로 극장판 공룡섬 대모험,이선,이미자,함수정,홍소영
271,사라진 밤,김상경,김강우,김희애,
272,산상수훈,백서빈,,,
273,살인소설,지현우,오만석,이나라,김학철
274,"서서평, 천천히 평온하게",하정우,윤안나,안은새,
275,석조저택 살인사건,고수,김주혁,문성근,박성웅
276,수성못,이세영,김현준,남태부,
277,슈퍼 빼꼼: 스파이 대작전,김태균,최정현,,
278,시간위의 집,김윤진,택연,조재윤,
279,신 전래동화,재희,윤기원,유다미,
280,신과함께-인과 연,하정우,주지훈,김향기,마동석
281,신과함께-죄와 벌,하정우,차태현,주지훈,김향기
282,썬키스 패밀리,박희순,진경,황우슬혜,이고은
283,아빠는 예쁘다,김명국,진선미,손민지,백서빈
284,아이 캔 스피크,나문희,이제훈,,
285,암수살인,김윤석,주지훈,,
286,어느 날,,,,
287,어쩌다 옥탑방,홍석우,주민찬,,
288,염력,류승룡,심은경,,
289,이 사랑도 전해질까요,박민우,김지안,,
290,이웃집 스타,한채영,진지희,,
291,장산범,염정아,박혁권,,
292,젝스키스 에이틴,은지원,이재진,장수원,김재덕
293,조선명탐정: 흡혈괴마의 비밀,김명민,오달수,김지원,
294,죄 많은 소녀,전여빈,서영화,고원희,이태경
295,지금 만나러 갑니다,소지섭,손예진,,
296,질투의 역사,남규리,오지호,장소연,김승현
297,채비,고두심,김성균,,
298,챔피언,마동석,권율,한예리,
299,청년경찰,박서준,강하늘,,
300,청춘 합창단 - 또 하나의 꿈,김태원,,,
301,치즈인더트랩,박해진,오연서,박기웅,유인영
302,택시운전사,송강호,토마스크레취만,유해진,류준열
303,특별시민,최민식,곽도원,심은경,문소리
304,파워배틀 와치카: 와치가면의 역습,엄상현,전태열,,
305,파파 오랑후탄,박철현,이혜영,윤유선,염광호
306,풍뎅이뎅이,배정미,,,
307,해빙,조진웅,신구,김대명,
308,허스토리,김희애,김해숙,,
309,흥부: 글로 세상을 바꾼 자,정우,김주혁,정진영,
310,1987s,김윤석,하정우,유해진,김태리
311,7호실,신하균,디오,,
312,가려진 시간,강동원,신은수,이효제,
313,걷기왕,심은경,박주희,,
314,계춘할망,윤여정,김고은,,
315,"고산자, 대동여지도",차승원,유준상,,
316,공조,현빈,유해진,김주혁,
317,국가대표2,수애,오달수,오연서,
318,굿바이 싱글,김혜수,마동석,김현수,
319,그대 이름은 장미,유호정,박성웅,오정세,하연수
320,"그래, 가족",이요원,정만식,이솜,정준원
321,그물,,,,
322,극장판 프랭키와 친구들: 생명의 나무,이소은,안영미,김민정,최승훈
323,극장판 프리파라 모두 모여라! 프리즘☆투어즈,아케사카사토미,아스미카나,고토사오리,하라사유리
324,다이노X 탐험대,정준하,하하,,
325,달빛궁궐,이하늬,김슬기,권율,김서영
326,"당신, 거기 있어줄래요",김윤석,변요한,채서진,
327,덕혜옹주,손예진,박해일,,
328,루시드 드림,고수,설경구,,
329,머니백,김무열,박희순,이경영,전광렬
330,메이킹 패밀리,김하늘,리즈팅,문메이슨,
331,목숨 건 연애,하지원,천정명,진백림,
332,무서운 이야기 3 : 화성에서 온 소녀,임슬옹,경수진,박정민,홍은희
333,"무현, 두 도시 이야기",노무현,김하연,백승영,조덕희
334,밀정,송강호,공유,,
335,범죄의 여왕,박지영,조복래,,
336,보안관,이성민,조진웅,김성균,
337,봉이 김선달,유승호,조재현,고창석,라미란
338,부릉! 부릉! 브루미즈: 스피더의 모험 일기,양정화,엄상현,이소영,우정신
339,부산행,공유,정유미,마동석,김수안
340,비정규직 특수요원,강예원,한채아,,
341,빅뱅 메이드,G-DRAGON,태양,T.O.P,대성
342,사랑하기 때문에,차태현,김유정,서현진,임주환
343,살인자의 기억법,설경구,김남길,설현,오달수
344,서울역,류승룡,심은경,이준,
345,순종,김영화,김은혜,한성국,최강희
346,슈퍼 프렌즈,변현우,김지혜,서지연,남도형
347,스플릿,유지태,이정현,이다윗,정성화
348,"시발, 놈: 인류의 시작",손이용,김보리,,
349,시선 사이,김동완,오광록,박주희,서영화
350,싱글라이더,이병헌,공효진,안소희,
351,아기와 나,이이경,정연주,,
352,아더왕의 전설,플로랑모트,카미유루,자호,샤를리부아소
353,오 마이 파파,소알로이시오,,,
354,올레,신하균,박희순,오만석,유다인
355,원라인,임시완,진구,박병은,
356,원스텝,한재석,박산다라,,
357,위대한 소원,류덕환,김동영,안재홍,전노민
358,인천상륙작전,이정재,이범수,리암니슨,진세연
359,인천상륙작전 : 익스텐디드 에디션(확장판),이정재,이범수,리암니슨,진세연
360,일사각오,이지형,설지윤,최원,
361,임금님의 사건수첩,이선균,안재홍,,
362,자백,소지섭,김윤진,나나,최광일
363,재심,정우,강하늘,김해숙,
364,조작된 도시,지창욱,심은경,안재홍,
365,최강전사 미니특공대 : 영웅의 탄생,,,,
366,춘몽,한예리,양익준,박정범,윤종빈
367,카이 : 거울 호수의 전설,김영은,박고운,강진아,박주광
368,커튼콜,,,,
369,탐정 홍길동: 사라진 마을,이제훈,김성균,,
370,탐정사무소 - 그놈의 얼굴,강현중,한그림,유승일,문주연
371,터널,,,,
372,터닝메카드W: 블랙미러의 부활,소연,신용우,윤아영,장광
373,트릭,,,,
374,파워배틀 와치카 미니카 배틀리그: 불꽃의 질주,,,,
375,판도라,김남길,김주현,정진영,김영애
376,퍼스트 스텝,,,,
377,혼숨,류덕환,조복래,,
378,1급기밀,김상경,김옥빈,최무성,
379,검사외전,황정민,강동원,,
380,검은 사제들,김윤석,강동원,,
381,고녀석 맛나겠다2 : 함께라서 행복해,엄상현,시영준,안장혁,김희선
382,굿바이 그리고 헬로우,서하준,최종남,최하윤,김필
383,그날의 분위기,문채원,유연석,,
384,그리울 련,정경호,정윤선,후지이미나,
385,극장판 꼬마버스 타요의 에이스 구출작전,문남숙,정혜옥,최하나,김영선
386,극장판 프리즘스톤 올스타 셀렉션,미야케켄타,코지로치에,이토카나에,아스미카나
387,글로리데이,지수,수호,류준열,김희찬
388,기적의 피아노,유예은,박정순,유장주,박유천
389,꾸루꾸루와 친구들:무지개 나무의 비밀,조현정,박신희,이소은,서유리
390,나는 증인이다,양미,루한,주아문,
391,나를 잊지 말아요,정우성,김하늘,,
392,나쁜놈은 죽는다,손예진,진백림,신현준,
393,눈길,김영옥,김향기,김새론,조수향
394,눈이라도 내렸으면,이효림,강성국,배진만,
395,대배우,오달수,윤제문,이경영,
396,대호,최민식,,,
397,더 폰,손현주,엄지원,배성우,
398,도리화가,류승룡,수지,송새벽,
399,돌연변이,이광수,이천희,박보영,
400,동주,강하늘,박정민,김인우,
401,두 개의 연애,김재욱,채정안,박규리,
402,드롭박스,이종락,,,
403,"로봇, 소리",이성민,이희준,이하늬,김원해
404,멜리스,홍수아,임성언,양도현,김하유
405,명량: 회오리 바다를 향하여,김한민,오타니료헤이,이해영,장준녕
406,무수단,이지아,김민준,,
407,미쓰 와이프,엄정화,송승헌,,
408,미씽: 사라진 여자,엄지원,공효진,,
409,미안해 사랑해 고마워,지진희,김성균,성유리,김영철
410,"불의날, 생명을말하다",박진주,김수로,김영자,김해창
411,뷰티 인사이드,한효주,김대명,도지한,배성우
412,뽀로로 극장판 컴퓨터 왕국 대모험,이선,이미자,함수정,홍소영
413,서부전선,설경구,여진구,,
414,서태지밴드 콘서트투어 '콰이어트나이트',서태지,,,
415,섬. 사라진 사람들,박효주,배성우,이현욱,
416,성난 변호사,이선균,김고은,임원희,
417,션샤인 러브,오정세,조은지,,
418,순교,김영학,안원정,배형규,심성민
419,순정,디오,김소현,연준석,이다윗
420,스톱,나카에츠바사,호리나츠코,다케다히로미츠,
421,시간이탈자,임수정,조정석,이진욱,
422,심장박동조작극,이유미,윤정일,,
423,아빠가 돌아왔다,조동혁,조원빈,홍아름,
424,"안녕, 전우치! 도술로봇대결전",김율,김새해,정선혜,홍범기
425,암살,전지현,이정재,하정우,
426,앨리스 : 원더랜드에서 온 소년,홍종현,정소민,정연주,
427,약장수,김인권,박철민,이주실,
428,역모 - 반란의 시대,정해인,김지훈,이원종,조재윤
429,연평해전,김무열,진구,이현우,
430,열정같은소리하고있네,정재영,박보영,,
431,엽기적인 그녀 2,차태현,빅토리아,,
432,오디세오,,,,
433,오빠 생각 ,탁재훈,유세윤,양세형,
434,우리 연애의 이력,전혜빈,신민철,,
435,위험한 상견례 2,진세연,홍종현,신정근,전수경
436,이바라키의 여름,,,,
437,일어서는 인간,허지원,전수지,임형국,
438,잡아야 산다,김승우,김정태,혁,
439,조선마술사,유승호,고아라,,
440,좋아해줘,이미연,최지우,김주혁,유아인
441,춘희막이,김춘희,최막이,,
442,치외법권,임창정,최다니엘,,
443,타이밍,,,,
444,탐정 : 더 비기닝,권상우,성동일,,
445,퇴마: 무녀굴,김성균,유선,천호진,차예련
446,트윈스터즈,사만다푸터먼,아나이스보르디에,,
447,특별수사: 사형수의 편지,김명민,김상호,성동일,김영애
448,특종: 량첸살인기,조정석,이미숙,이하나,
449,필름시대사랑,박해일,안성기,문소리,한예리
450,해어화,한효주,유연석,천우희,박성웅
451,"협녀, 칼의 기억",이병헌,전도연,김고은,
452,희생부활자,김래원,김해숙,,
453,히야,안보현,호야,박철민,강성미
454,JSA 남북공동초등학교,김지은,김예리,남동하,김미영
455,개를 훔치는 완벽한 방법,이레,이지원,홍은택,김혜자
456,경성학교: 사라진 소녀들,박보영,엄지원,박소담,
457,고스트 메신저 극장판,은정,박성태,정재헌,양정화
458,국제시장,황정민,김윤진,오달수,정진영
459,그 사람 그 사랑 그 세상,강석우,이광기,최강희,배창복
460,그 사람 추기경,김수환,,,
461,극비수사,김윤석,유해진,,
462,기술자들,김우빈,김영철,고창석,이현우
463,나의 독재자,설경구,박해일,,
464,나의 사랑 나의 신부,조정석,신민아,,
465,내 심장을 쏴라,이민기,여진구,,
466,누구에게나 찬란한,김남길,김태근,박철우,신성훈
467,달에 부는 바람,김예지,김미영,김자엽,김하늘
468,더 테너 리리코 스핀토,유지태,차예련,이세야유스케,
469,덕수리 5형제,윤상현,송새벽,이아이,찬성
470,두근두근 내 인생,강동원,송혜교,조성목,
471,마지막 위안부,문시호,김미영,레이,
472,무서운 집,구윤희,,,
473,베테랑,황정민,유아인,유해진,오달수
474,블랙가스펠2: 소울을 찾는 여정가운데 만난 사람들,양동근,,,
475,빅매치,이정재,신하균,이성민,보아
476,사도,송강호,유아인,문근영,
477,상의원,한석규,고수,박신혜,유연석
478,소녀괴담,강하늘,김소은,,
479,소셜포비아,변요한,이주승,류준열,하윤경
480,스퀴시랜드,배정미,남도형,김선혜,
481,스피릿오브베토벤,코리안심포니오케스트라,,,
482,슬로우 비디오,차태현,남상미,,
483,신이 보낸 사람,김인권,,,
484,신화 라이브 3D 더 레전드 컨티뉴스,신화,,,
485,십이야 : 깊고 붉은 열두 개의 밤 Chapter 1,이관훈,정보름,박은석,배영란
486,쎄시봉,정우,김윤석,한효주,김희애
487,아일랜드 - 시간을 훔치는 섬,오지호,문가영,,
488,"어떤여행, 시민창작뮤지컬",추민주,,,
489,역린,현빈,정재영,조정석,조재현
490,"연애의 발동 : 상해 여자, 부산 남자",지진희,진의함,진학동,혜림
491,오늘의 연애,이승기,문채원,이서진,정준영
492,우리는 썰매를 탄다,정승환,한민수,유만균,이종경
493,원령,홍수아,,,
494,위로공단,신순애,이총각,이기복,김영미
495,유신의 미학,김효비,오유진,박상현,김동현
496,장수상회,박근형,윤여정,조진웅,한지민
497,정글히어로,양세나,심규혁,김현지,조성목
498,제 7기사단,클라이브오웬,모건프리먼,엑셀헨니,
499,제보자,박해일,유연석,이경영,
500,조선명탐정 : 사라진 놉의 딸,김명민,오달수,이연희,
501,쥬로링 동물탐정 극장판,김서영,양정화,문남숙,김정아
502,최강전사 미니특공대 : 새로운 악당의 습격,엄상현,전태열,신용우,이소영
503,터널 3D,정유미,연우진,송재림,정시연
504,파울볼,김성근,고양원더스선수들,조진웅,
505,표적,류승룡,유준상,이진욱,김성령
506,프랑스 영화처럼,이영란,전지윤,다솜,정준원
507,학교 가는 길,이은자,정난모,조부용,장민희
508,한민족 그리고 조선족,전화성,박규리,박연희,유은조
509,해적: 바다로 간 산적,김남길,손예진,,
510,허삼관,하정우,하지원,,
511,4등,박해준,이항나,유재상,최무성
512,GROW: 인피니트의 리얼 청춘 라이프,인피니트,,,
513,감시자들,설경구,정우성,한효주,
514,결혼전야,,,,
515,고령화 가족,박해일,윤제문,공효진,윤여정
516,곤충왕국 3D,김성주,김민국,김민율,
517,군도:민란의 시대,하정우,강동원,,
518,극장판 뛰뛰빵빵 구조대 미션 : 둥둥이를 구하라!,양정화,안영미,홍범기,
519,깡철이,유아인,김해숙,,
520,남자가 사랑할 때,,,,
521,넛잡: 땅콩 도둑들,윌아넷,캐서린헤이글,리암니슨,브렌든프레이저
522,노브레싱,서인국,이종석,유리,
523,다이너마이트맨,정도원,박건규,,
524,더 테러 라이브,하정우,이경영,전혜진,
525,돼지 같은 여자,황정음,이종혁,최여진,박진주
526,또 하나의 약속,박철민,윤유선,김규리,박희정
527,뜨거운 안녕,이홍기,마동석,임원희,백진희
528,레드 툼,,,,
529,막걸스,홍아름,창조,임원희,김민영
530,몽타주,류경수,,,
531,무명인,니시지마히데토시,김효진,,
532,무서운 이야기 2,성준,이수혁,백진희,김슬기
533,미스터 고,성동일,서교,,
534,밤의 여왕,김민정,천정명,,
535,보호자,,,,
536,분신사바 2,박한별,신지뢰,장정정,
537,붉은가족,조명연,,,
538,브링 홈: 아버지의 땅,김민종,텐진릭돌,,
539,설국열차,크리스에반스,송강호,에드해리스,존허트
540,소명 하늘의 별,조태환,오순옥,조예은,송채환
541,소수의견,윤계상,유해진,김옥빈,
542,소원,,,,
543,수상한 그녀,심은경,나문희,박인환,성동일
544,숨바꼭질,,,,
545,슈퍼쇼4 3D,슈퍼주니어,이특,시원,예성
546,슈퍼피쉬 - 끝없는 여정,유동근,,,
547,시선,김기철,,,
548,아빠를 빌려드립니다,김상경,문정희,최다인,채정안
549,아유레디?,장광,고형원,,
550,악녀의 시,청매,,,
551,안녕?! 오케스트라,리처드용재오닐,,,
552,열한시,정재영,최다니엘,김옥빈,
553,완전 소중한 사랑,심이영,임지규,,
554,왓니껴,심혜진,전노민,,
555,우리별 일호와 얼룩소,정유미,유아인,,
556,우아한 거짓말,김희애,고아성,김유정,김향기
557,원 오브 어 카인드 3D ; G-DRAGON 2013 1ST WORLD TOUR,G-DRAGON,,,
558,은밀하게 위대하게,김수현,박기웅,이현우,손현주
559,"의궤, 8일간의 축제 3D",여진구,,,
560,이별계약,펑위옌,바이바이허,장경부,
561,이쁜 것들이 되어라,정겨운,정인기,윤승아,
562,조선미녀삼총사,하지원,강예원,가인,고창석
563,집으로 가는 길,,,,
564,찌라시 : 위험한 소문,김강우,정진영,고창석,박성웅
565,캐치 미,,,,
566,코알라,박영서,송유하,박진주,
567,타인의 멜로디,편보승,서지승,이유경,김진호
568,파파로티,한석규,이제훈,오달수,강소라
569,폴라로이드,정재연,김태용,양범,
570,플랜맨,정재영,한지민,,
571,피끓는 청춘,박보영,이종석,이세영,김영광
572,호두까기 인형,이은원,이동훈,,
573,가문의 영광5-가문의 귀환,정준호,김민정,유동근,성동일
574,가비,주진모,김소연,박희순,유선
575,간첩,김명민,염정아,유해진,변희봉
576,강철대오: 구국의 철가방,김인권,유다인,조정석,박철민
577,건축학개론,엄태웅,한가인,이제훈,수지
578,"광해, 왕이 된 남자",이병헌,류승룡,한효주,
579,남자사용설명서,이시영,오정세,박영규,
580,남쪽으로 튀어,김윤석,오연수,한예리,백승환
581,내 아내의 모든 것,임수정,이선균,류승룡,
582,네모난원,김정학,정욱,안미나,
583,늑대소년,송중기,박보영,,
584,다이노 타임,멜라니그리피스,제인린치,윌리암볼드윈,스티븐볼드윈
585,더 웹툰: 예고살인,이시영,엄기준,,
586,돈 크라이 마미,유선,남보라,유오성,동호
587,두개의 달,,,,
588,두레소리,김슬기,조아름,함현상,최은영
589,뒷담화:감독이 미쳤어요,윤여정,박희순,강혜정,오정세
590,마이 리틀 히어로,김래원,이성민,조안,이광수
591,미나문방구,최강희,봉태규,,
592,미쓰GO,고현정,유해진,성동일,이문식
593,바람과 함께 사라지다,차태현,오지호,민효린,성동일
594,박수건달,박신양,김정태,엄지원,정혜영
595,반달곰,강보민,박지성,최경준,
596,반창꼬,고수,한효주,,
597,범죄소년,이정현,서영주,,
598,복숭아나무,조승우,류덕환,남상미,
599,뷰티풀 차일드,이성수,,,
600,뽀로로 극장판 슈퍼썰매 대모험,이선,이미자,김환진,함수정
601,사랑을 말하다,서예희,윤혁진,최은채,김원희
602,서태지 8집:398일의 기록,서태지,심은경,,
603,시간의 숲,박용우,타카기리나,,
604,시체가 돌아왔다,이범수,류승범,김옥빈,
605,아부의 왕,송새벽,성동일,이병준,김성령
606,앙상블,김승수,이천희,김정화,서윤아
607,엘 꼰도르 빠사,강예원,가우사이밴드,,
608,연가시,김명민,문정희,김동완,이하늬
609,왕자가 된 소녀들,조금앵,김진진,박미숙,허숙자
610,용의자X,류승범,이요원,조진웅,
611,웨딩스캔들,김민준,곽지민,,
612,위대한 비행,,,,
613,유신의 추억 - 다카키 마사오의 전성시대,오성태,김상현,김정은,
614,음치클리닉,박하선,윤상현,,
615,인피니트 콘서트 세컨드 인베이전 에볼루션 더 무비 3D,인피니트,,,
616,잉투기,엄태구,류혜영,권율,
617,자칼이 온다,송지효,김재중,오달수,
618,점쟁이들,김수로,강예원,이제훈,곽도원
619,징기스칸 : 지살령,박예진,여소군,이소염,나카이즈미히데오
620,차형사,강지환,성유리,이수혁,김영광
621,천국의 아이들,유다인,박지빈,김보라,이지웅
622,철가방 우수氏,최수종,,,
623,태아 3D,이규화,김서영,,
624,통통한 혁명,이소정,이현진,,
625,파이스토리 : 악당상어 소탕작전,드레이크벨,앤디딕,,
626,한경직,한경직,정애리,,
627,할매-시멘트정원,,,,
628,할머니는 일학년,김진구,신채연,,
629,황제펭귄 펭이와 솜이,송중기,,,
630,48미터,박효주,이진희,하석,조한철
631,5백만불의 사나이,박진영,조성하,민효린,
632,7번방의 선물,류승룡,박신혜,갈소원,오달수
633,가문의 영광 4 - 가문의 수난,김수미,신현준,탁재훈,임형준
634,가시,장혁,조보아,선우선,
635,겨울나비,박소연,정승원,,
636,겨울냄새,양성철,김준형,,
637,결정적 한방,유동근,윤진서,김정훈,오광록
638,고양이춤,박성연,이해성,,
639,고양이: 죽음을 보는 두 개의 눈,박민영,김동욱,김예론,
640,고지전,신하균,고수,이제훈,류승수
641,그 여자 그 남자의 속사정,정다혜,연제욱,서지석,이상일
642,꿍따리 유랑단,강원래,김지혜,최재식,오세준
643,나 나 나: 여배우 민낯 프로젝트,김꽃비,서영주,양은용,
644,나는 공무원이다,윤제문,송하윤,성준,김희정
645,나의선택 - 잊혀진 가방 그 못다한 이야기,권오중,이현우,이인응,이순환
646,나인뮤지스; 그녀들의 서바이벌,나인뮤지스,,,
647,너는 펫,김하늘,장근석,,
648,네버엔딩 스토리,엄태웅,정려원,,
649,다슬이,유해정,김송일,주부진,권오진
650,댄싱퀸,황정민,엄정화,,
651,더데이,안소요,,,
652,더 킥,조재현,예지원,나태주,태미
653,도다리 - 리덕스,태인호,김준영,김우석,윤가람
654,두 개의 선,지민,이철,,
655,러브픽션,하정우,공효진,,
656,로맨스 조,김영필,신동미,이채은,이다윗
657,로맨틱 헤븐,김수로,김동욱,김지원,이순재
658,리틀 제이콥,,,,
659,마당을 나온 암탉,문소리,유승호,최민식,박철민
660,마이 블랙 미니드레스,윤은혜,박한별,차예련,유인나
661,마이웨이,장동건,오다기리죠,판빙빙,
662,메이크 유어 무브,보아,데릭허프,미키이시카와,웨슬리조나단
663,모비딕,,,,
664,미국의 바람과 불,,,,
665,미운 오리 새끼,김준구,오달수,,
666,미확인 동영상 : 절대클릭금지,박보영,주원,강별,
667,바보야,김수환,안성기,,
668,백프로,윤시윤,여진구,천호진,이경영
669,법정 스님의 의자,최불암,법정,,
670,볼츠와 블립,김일,최정호,,
671,부러진 화살,안성기,박원상,나영희,김지호
672,비단꽃길,김금화,서갑숙,,
673,비스트 앵콜 콘서트 3D,비스트,,,
674,사랑이 무서워,임창정,김규리,,
675,"사랑한다, 사랑하지 않는다",임수정,현빈,,
676,세상에서 가장 아름다운 이별,배종옥,김갑수,김지영,유준상
677,소중한 날의 꿈,박신혜,송창의,오연서,서주애
678,수상한 고객들,류승범,,,
679,술에 대하여 - 극장판,오달수,올라이즈밴드,,
680,스물 아홉살,박재준,김영무,박규리,김아현
681,스타: 빛나는 사랑,환희,김수연,강요환,송재희
682,스파이 파파,이두일,김소현,민경진,이승연
683,써니,유호정,심은경,강소라,고수희
684,아프리카의 눈물,현빈,,,
685,애정만세,서주희,허준석,류혜영,김선빈
686,오래된 인력거,샬림,마노즈,,
687,오싹한 연애,손예진,이민기,,
688,오직 그대만,소지섭,한효주,,
689,오하이오 삿포로,김소이,태인호,,
690,완득이,김윤석,유아인,,
691,우쿨렐레 사랑모임,김기인,오경호,이국표,조미화
692,원더풀 라디오,이민정,이정진,,
693,인류멸망보고서,류승범,송새벽,김강우,송영창
694,적과의 동침,김구라,유정현,,
695,점박이 : 한반도의 공룡3D,이형석,신용우,구자형,
696,챔프,차태현,유오성,박하선,김수정
697,천사의 숨소리,김영선,한지원,,
698,체포왕,박중훈,이선균,,
699,촌철살인,박근록,박주환,이종필,한예리
700,최종병기 활,박해일,류승룡,김무열,문채원
701,최후의 툰드라 - 극장판,고현정,,,
702,커플즈,김주혁,이시영,이윤지,오정세
703,코알라 키드 : 영웅의 탄생,태민,써니,윤다훈,정은별
704,태어나서 미안해,임준식,임채선,김상호,
705,통증,권상우,정려원,마동석,
706,투 올드 힙합 키드,정대건,허클베리피,장지훈,지조
707,트루맛쇼,박나림,,,
708,특수본,엄태웅,주원,정진영,성동일
709,티끌모아 로맨스,한예슬,송중기,,
710,퍼펙트 게임,조승우,양동근,최정원,
711,페이스 메이커,김명민,안성기,고아라,최태준
712,푸른소금,송강호,신세경,,
713,하얀 정글,박진석,서경자,이선웅,오승훈
714,하울링,송강호,이나영,,
715,홍길동 2084,동호,김서영,정재헌,엄상현
716,화이트: 저주의 멜로디,함은정,황우슬혜,메이다니,최아라
717,화차,이선균,김민희,조성하,
718,환상극장,이현우,김디에나,김태훈,추자현
719,회초리,안내상,진지희,,
720,훈장과 악동들,김봉곤,,,
721,흉터,김학선,허지원,,
722,577 프로젝트,공효진,하정우,,
723,7광구,하지원,안성기,오지호,박철민
724,Jam Docu 강정,,,,
725,Mr. 아이돌,박예진,지현우,김수로,
726,고래를 찾는 자전거,이문식,박지빈,이슬기,
727,고스트: 보이지 않는 사랑,마츠시마나나코,송승헌,,
728,그랑프리,김태희,양동근,,
729,글러브,정재영,유선,강신일,조진웅
730,기이한 춤: 기무,,,,
731,기타가 웃는다,박혁권,이용이,김종수,최성원
732,김종욱 찾기,임수정,공유,,
733,꿈은 이루어진다,이성재,최지현,,
734,꿈의 공장,김경봉,방종운,소히,시와
735,나의 불행에는 이유가 있다,배제기,정재식,주예린,김록경
736,내 깡패 같은 애인,박중훈,정유미,,
737,내 남자의 순이,박해미,신이,이태성,
738,달빛 길어올리기,박중훈,강수연,예지원,안병경
739,당신은 아름답다,김수향,,,
740,도약선생,박혁권,박희본,나수윤,이우정
741,라스트 갓파더,심형래,하비케이틀,마이클리스폴리,제이슨미웨스
742,라이브 인 3D 휘성 : 잇츠 리얼,휘성,,,
743,량강도 아이들,김환영,주혜리,신민규,이충훈
744,려수,정의철,고준희,,
745,마마 앤드 파파,김진아,박정은,유하은,노시정
746,만추,김홍교,,,
747,맛있는 인생,유다인,윤정희,임채무,혜리
748,맨발의 꿈,박희순,고창석,,
749,무산일기,박정범,진용욱,강은진,
750,무적자,주진모,송승헌,김강우,조한선
751,뭘 또 그렇게까지,이동규,주민하,조용준,
752,미스터 좀비,원풍연,배누리,,
753,반가운 살인자,유오성,김동욱,심은경,
754,방가? 방가!,김인권,김정태,신현빈,방대한
755,베스트셀러,엄정화,,,
756,분홍돌고래,한태일,오수현,임호영,문성복
757,불량남녀,임창정,엄지원,,
758,불청객,이시형,,,
759,브라보! 재즈 라이프,강대관,이판근,조상국,류복성
760,뽕똘,김민혁,이경준,양정원,조은
761,서유기 리턴즈,김병만,류담,한민관,민아령
762,소명 2 - 모겐족의 월드컵,강성민,모겐족아이들,YOK,장미연
763,소와 함께 여행하는 법,김영필,공효진,먹보,
764,슈퍼쇼3 3D,슈퍼주니어,이특,려욱,규현
765,시선 너머,,,,
766,심장이 뛴다,조동혁,전혜빈,장동혁,최우식
767,아름다운 유산,연재,김민수,동하,전무송
768,아마존의 눈물,김남길,,,
769,어쿠스틱,신세경,임슬옹,이종현,강민혁
770,엄지 아빠,방동원,진다은,이설구,조형래
771,여덟 번의 감정,김영호,황인영,윤주희,
772,"열여덟,열아홉",유연석,백진희,엄현경,이영진
773,오월愛,,,,
774,요술,임지규,서현진,김정욱,
775,용서,강병훈,양수아,,
776,우리 만난 적 있나요,박재정,윤소이,,
777,우리 이웃의 범죄,신현준,왕희지,전노민,이기우
778,웨딩 드레스,송윤아,김향기,,
779,육혈포 강도단,나문희,김수미,김혜옥,
780,은어,이지혁,홍예나,김추련,하나경
781,이층의 악당,한석규,김혜수,,
782,이파네마 소년,이수혁,김민지,,
783,인플루언스,이병헌,한채영,조재현,전노민
784,저스트 프렌즈,오연서,이영훈,,
785,조선명탐정: 각시투구꽃의 비밀,김명민,오달수,한지민,
786,종로의 기적,소준문,장병권,최영수,정욜
787,주문진,황보라,김기범,,
788,지구대표 롤링 스타즈,류덕환,류승룡,심은경,이병준
789,집 나온 남자들,지진희,양익준,이문식,
790,첫사랑 열전,이청아,김성곤,류현경,김동곤
791,청춘 그루브,봉태규,이영훈,곽지민,
792,초능력자,,,,
793,친정엄마,김해숙,박진희,,
794,퀴즈왕,김수로,한재석,송영창,류승룡
795,파수꾼,이시영,김영광,김슬기,Key
796,평범한 날들,송새벽,한예리,이주승,
797,평양성,정진영,이문식,류승룡,윤제문
798,폐가,신경선,윤이나,전인걸,현태호
799,포화 속으로,차승원,권상우,T.O.P,김승우
800,하쿠나 마타타 - 지라니 이야기,임태종,김재창,케냐지라니어린이합창단,한국-케냐지라니스탭
801,해결사,설경구,이정진,오달수,
802,행복한 울릉인,이상호,남지현,,
803,헬로우 고스트,차태현,강예원,이문수,고창석
804,"혜화,동",유다인,유연석,,
805,희망의 별 - 이퀘지레템바,유지태,임흥세,,
806,2AM SHOW,2AM,조권,이창민,임슬옹
807,"60년전, 사선에서",,,,
808,거북이 달린다,김윤석,정경호,견미리,선우선
809,걸프렌즈,강혜정,한채영,허이재,배수빈
810,결혼식 후에,신성우,예지원,배수빈,김보경
811,경계도시 2,송두율,정정희,,
812,계몽영화,정승길,김지인,오연아,이상현
813,구르믈 버서난 달처럼,황정민,차승원,한지혜,백성현
814,구세주 2,최성국,이영은,,
815,굿모닝 프레지던트,이순재,장동건,고두심,임하룡
816,"굿바이, 평양",양선화,양건화,양영희,양공선
817,그리움의 종착역,우자슈트라우스킴,루트비히슈트라우스킴,영숙타이스,아르민타이스
818,그림자 살인,황정민,류덕환,엄지원,오달수
819,기죽지 마라,김진,임윤택,김형진,
820,꼭 껴안고 눈물 핑,이켠,고준희,신동미,
821,나는 갈매기,이대호,강민호,조성환,홍성흔
822,나를 닮은 얼굴,노명자,브렌트,,
823,낙원-파라다이스,지진희,김하늘,,
824,내 눈에 콩깍지,이지아,강지환,,
825,내 사랑 내 곁에,이소연,이재윤,온주완,김미숙
826,너와 나의 21세기,한수연,이환,신현호,최소은
827,도쿄 택시,야마다마사시,야마자키하지메,유하나,
828,돌멩이의 꿈,차인표,김효진,,
829,동자 대소동,정종철,박준형,,
830,땅의 여자,소희주,강선희,변은주,
831,레인보우,,,,
832,로니를 찾아서,유준상,로빈쉬엑,,
833,로망은 없다,박지윤,전진아,정형준,임옥균
834,물 없는 바다,김동현,유호린,,
835,물 좀 주소,이두일,류현경,,
836,"바다 쪽으로, 한 뼘 더",한예리,박지영,김영재,홍종현
837,불꽃처럼 나비처럼,조승우,수애,천호진,최재웅
838,불신지옥,남상미,류승룡,김보연,심은경
839,서서 자는 나무,송창의,서지혜,여현수,
840,소규모 아카시아 밴드 이야기,소규모아카시아밴드,송은지,김민홍,요조
841,소피의 연애 매뉴얼,장쯔이,소지섭,판빙빙,하윤동
842,슬픔보다 더 슬픈 이야기,권상우,이보영,이범수,정애연
843,시간의 춤,이하나,장현성,,
844,시티 오브 크레인,이마붑,유예진,냠샴부검보수랭,
845,싸이보그 그녀,아야세하루카,코이데케이스케,,
846,아부지,전무송,박철민,박탐희,조문국
847,아빠가 여자를 좋아해,이나영,김지석,김희수,
848,애자,최강희,김영애,,
849,약수터 부르스,배건식,김태인,,
850,"양 한 마리, 양 두 마리",성수정,이혜진,,
851,어이그 저 귓것,오영순,문석범,양정원,이경준
852,여고괴담 5,오연서,장경아,손은서,송민정
853,올웨이스 비보이,오세빈,맥시멈크루,미키루크,원채영
854,우리 집에 왜 왔니,박희순,강혜정,,
855,워낭소리,최원균,이삼순,최노인의소,
856,의형제,송강호,강동원,,
857,이웃집 좀비,홍서백,류훈,김여진,배용근
858,이태원 살인사건,정진영,장근석,신승환,오광록
859,인사동 스캔들,김래원,엄정화,,
860,정승필 실종사건,이범수,김규리,,
861,좋아서 만든 영화,조준호,황수정,손현,안복진
862,주유소 습격사건 2,지현우,조한선,문원주,정재훈
863,죽기 전에 해야할 몇가지 것들,남궁,,,
864,지구에서 사는 법,박병은,조시내,박선우,장소연
865,천국의 우편배달부,김재중,한효주,,
866,청담보살,박예진,임창정,,
867,춤추는 동물원,한희정,몬구,,
868,카페 서울,김정훈,사이토타쿠미,,
869,쿠바의 연인,오리엘비스,정호현,,
870,킹콩을 들다,이범수,조안,,
871,토끼와 리저드,장혁,성유리,,
872,트라이앵글,이범수,김재중,임시완,오연수
873,페어 러브,안성기,이하나,,
874,평행이론,,,,
875,핑크 토끼,고다미,권철,,
876,하늘과 바다,장나라,현쥬니,유아인,
877,하얀 나비,태인호,최묘견,,
878,헬로우 마이 러브,조안,오민석,류상욱,
879,호우시절,정우성,고원원,,
880,황금시대,구교환,이민웅,김은주,김예은
881,회복,박지윤,,,
882,회오리 바람,서준영,이민지,,
883,10억,박해일,박희순,신민아,이민기
884,4교시 추리영역,유승호,강소라,,
885,가벼운 잠,이아진,김대윤,임형국,홍아름
886,가필드 - 마법의 샘물,프랭크웰커,그렉버거,그렉이글스,오드리워실스키
887,감자 심포니,전용택,유오성,이규회,이서연
888,강철중: 공공의 적 1-1,설경구,정재영,,
889,걸스카우트,김선아,나문희,이경실,고준희
890,고고70,조승우,신민아,차승우,이성민
891,과속스캔들,차태현,박보영,왕석현,
892,그 남자의 책 198쪽,이동욱,유진,,
893,김씨 표류기,정재영,정려원,,
894,나무없는 산,김희연,김성희,,
895,나의 마음은 지지 않았다,송신도,문소리,,
896,날나리 종부전,박정아,박진우,,
897,날아라 펭귄,문소리,박원상,손병호,최규환
898,낮술,송재하,,,
899,님은 먼곳에,수애,정진영,정경호,주진모
900,달려라 자전거,한효주,이영훈,,
901,당신이 잠든 사이에,예지원,탁재훈,,
902,두 개의 눈을 가진 아일랜드,바드,김현보,박혜리,김정환
903,라라 선샤인,양은용,이윤건,안지혜,정인기
904,로맨틱 아일랜드,이선균,이수경,이민기,유진
905,멋진하루,,,,
906,모던 보이,박해일,김혜수,김남길,
907,무림여대생,신민아,온주완,유건,
908,미안하다 독도야,김장훈,,,
909,북극의 눈물,안성기,,,
910,불타는 내 마음,김미희,최요한,,
911,"빗자루, 금붕어 되다",유순웅,김재록,최유진,
912,서양골동양과자점 앤티크,주지훈,김재욱,유아인,최지호
913,쉿! 그녀에겐 비밀이에요,김규리,리키김,,
914,시선 1318,박보영,손은서,남지현,정지안
915,신기전,정재영,한은정,허준호,
916,안녕? 허대짜수짜님!,엄경환,윤혁중,,
917,압록강은 흐른다,우벽송,최성호,김여진,정운택
918,약탈자들,김태훈,박병은,염지윤,이희준
919,어떤 개인 날,김도영,지정남,권예림,이찬영
920,오이시맨,이민기,이케와키치즈루,정유미,
921,"용서, 그 먼 길 끝에 당신이 있습니까",김혜수,,,
922,우린 액션배우다,권귀덕,곽진석,성일,전세진
923,울학교 이티,김수로,이한위,백성현,박보영
924,유감스러운 도시,정준호,정웅인,정운택,박상민
925,인디애니박스: 셀마의 단백질 커피,,,,
926,장례식의 멤버,이주승,유하복,박명신,송하윤
927,제불찰씨 이야기,엄상현,조현정,정재헌,이장원
928,"좋은 놈, 나쁜 놈, 이상한 놈",송강호,이병헌,정우성,
929,차우,엄태웅,정유미,장항선,윤제문
930,초감각 커플,진구,박보영,,
931,푸른 강은 흘러라,한예리,남철,임선애,
932,하늘을 걷는 소년,허이재,강산,,
933,흑심모녀,심혜진,김수미,이상우,이다희
934,"히말라야, 바람이 머무는 곳",최민식,,,
935,1724 기방난동사건,이정재,김석훈,김옥빈,
936,3xFTM,고종우,김명진,한무지,
937,7급 공무원,김하늘,강지환,,
938,검은 땅의 소녀와,유연미,박현우,조영진,
939,경축! 우리 사랑,김해숙,기주봉,방은희,김영민
940,과거는 낯선 나라다,김응수,전호식,,
941,권순분 여사 납치사건,나문희,강성진,유해진,유건
942,그녀는 예뻤다,황정음,박서준,고준희,시원
943,극락도 살인사건,박해일,박솔미,성지루,
944,기다리다 미쳐,손태영,장근석,장희진,데니안
945,꽃미남 연쇄 테러사건,성민,한경,예성,김기범
946,나의 스캔들,서린,이인,강신철,
947,날아라 허동구,정진영,최우혁,,
948,내 생애 최악의 남자,염정아,탁재훈,윤지민,신성록
949,"대한이, 민국씨",최성국,공형진,최정원,
950,댄스 오브 드래곤,장혁,범문방,제이슨스콧리,
951,동갑내기 과외하기 레슨 2,이청아,박기웅,,
952,두 얼굴의 여친,봉태규,정려원,,
953,뜨거운 것이 좋아,이미숙,김민희,안소희,
954,라듸오 데이즈,류승범,이종혁,김사랑,김뢰하
955,마을금고 연쇄습격사건,백윤식,이문식,박효준,김유정
956,마이 뉴 파트너,안성기,조한선,,
957,마지막 선물,,,,
958,마파도 2,이문식,김지영,여운계,김을동
959,만남의 광장,임창정,박진희,,
960,못말리는 결혼,김수미,임채무,유진,하석진
961,무방비 도시,김명민,손예진,김해숙,
962,므이,조안,차예련,,
963,바르게 살자,정재영,손병호,,
964,방울토마토,,,,
965,별별 이야기 2 - 여섯 빛깔 무지개,홍윤희,최도영,홍진욱,전숙경
966,별빛 속으로,정경호,김규리,차수연,김C
967,복면 달호,차태현,임채무,이소연,
968,빼꼼의 머그잔 여행,김태균,,,
969,사랑방 선수와 어머니,정준호,김원희,고은아,임형준
970,소리 아이,박수범,박성열,,
971,수용소의 삶 : 디지털삼인삼색2007,알프레도멘데스,델핀헤켓,프랑소아리비에르,
972,슈퍼맨이었던 사나이,황정민,전지현,,
973,스페어,정우,임준일,코가미츠키,김수현
974,아스라이,김상석,심재원,서보익,강찬양
975,야스쿠니,카리야나오하루,준이치로코이즈미,,
976,어린 왕자,탁재훈,강수한,조안,
977,어머니는 죽지 않는다,한혜숙,하명중,하상원,
978,여기보다 어딘가에,차수연,유하준,방준석,
979,"여름, 속삭임",이영은,하석진,,
980,열한번째 엄마,김혜수,김영찬,,
981,용의주도 미스 신,한예슬,,,
982,우리 생애 최고의 순간,문소리,김정은,엄태웅,김지영
983,웨스트 32번가,존조,김준성,그레이스박,
984,은하해방전선,임지규,박혁권,서영주,
985,이장과 군수,윤다훈,이수근,보라,장동혁
986,잘못된 만남,정웅인,성지루,,
987,저 하늘에도 슬픔이,김유나,,,
988,좋지 아니한가,천호진,문희경,김혜수,유아인
989,죽어도 해피 엔딩,예지원,임원희,,
990,즐거운 인생,정진영,김윤석,김상호,장근석
991,"지금, 이대로가 좋아요",공효진,신민아,,
992,집결호,장한위,,,
993,챔피언 마빡이,정종철,박준형,,
994,처음 만난 사람들,박인수,최희진,꽝스,방영
995,천년여우 여우비,손예진,공형진,류덕환,
996,천년학,조재현,오정해,,
997,최강 로맨스,이동욱,현영,,
998,파란 자전거,양진우,김정화,오광록,
999,판타스틱 자살 소동,한여름,김남진,이혜상,정재진
1000,펀치 레이디,도지원,손현주,박상욱,최진리
1001,할매꽃,나경순,문정현,,
1002,해부학 교실,한지민,오태경,온주완,
1003,허밍,,,,
1004,허스,김혜나,수지박,윌윤리,칼윤
1005,헨젤과 그레텔,천정명,은원재,심은경,진지희
1006,화려한 휴가,김상경,안성기,이요원,이준기
1007,황진이,장성원,신유주,,
1008,1번가의 기적,임창정,하지원,,
1009,6년째 연애중,김하늘,윤계상,,
1010,가문의 부활 - 가문의 영광 3,신현준,탁재훈,김원희,김수미
1011,가을로,유지태,김지수,엄지원,
1012,가족의 탄생,,,,
1013,강을 건너는 사람들,김경석,송부자,세키타히로오,다카키쿠미코
1014,거룩한 계보,정재영,정준호,류승룡,민지환
1015,경의선,김강우,손태영,,
1016,공필두,이문식,,,
1017,구미호 가족,주현,박준규,하정우,박시연
1018,국경의 남쪽,차승원,조이진,심혜진,
1019,그놈 목소리,설경구,김남주,,
1020,김관장 대 김관장 대 김관장,신현준,최성국,권오중,
1021,나비두더지,판영진,박진국,허정인,최정단
1022,너를 잊지 않을 거야,이태성,오나가마키,,
1023,누가 그녀와 잤을까?,김사랑,박준규,이혁재,하하
1024,눈부신 날에,박신양,서신애,,
1025,도레미파솔라시도,장근석,차예련,정의철,
1026,도마뱀,,,,
1027,동백 아가씨,,,,
1028,마강호텔,김석훈,김성은,,
1029,마이 캡틴 김대출,정재영,장서희,,
1030,맨발의 기봉이,신현준,김수미,임하룡,탁재훈
1031,모노폴리,양동근,김성수,윤지민,
1032,무도리,박인환,최주봉,서희승,서영희
1033,묵공,유덕화,안성기,,
1034,방황의 날들,김지선,강태구,,
1035,백만장자의 첫사랑,현빈,이연희,,
1036,사랑따윈 필요없어,김주혁,문근영,,
1037,사랑을 놓치다,설경구,송윤아,,
1038,사랑할 때 이야기하는 것들,한석규,김지수,,
1039,살기 위하여,이순덕,류기화,홍성준,김하수
1040,삼거리 극장,김꽃비,천호진,,
1041,세번째 시선,차이얀콜삭,황선화,김요한,김태우
1042,소년은 울지 않는다,이완,송창의,,
1043,쇼킹 패밀리,경순,경은,수림,빈센트
1044,싸이보그지만 괜찮아,비,임수정,,
1045,아이스케키,박지빈,신애라,,
1046,아주 특별한 손님,한효주,김영민,,
1047,애정결핍이 두 남자에게 미치는 영향,백윤식,봉태규,이혜영,
1048,어느날 그 길에서,최태영,최천권,최동기,
1049,언니가 간다,고소영,이범수,유건,조안
1050,여름이 가기 전에,이현우,김보경,,
1051,열혈남아,설경구,조한선,나문희,
1052,오래된 정원,염정아,지진희,,
1053,우리들의 행복한 시간,강동원,이나영,,
1054,우리에게 내일은 없다,유아인,김병석,,
1055,우아한 세계,송강호,,,
1056,원탁의 천사,이민우,하하,임하룡,김상중
1057,잔혹한 출근,김수로,,,
1058,잘 살아보세,최수종,이상민,김종민,김일중
1059,전설의 고향,변우민,지대한,강세정,
1060,조용한 세상,김상경,박용우,한보배,
1061,조폭 마누라 3,서기,이범수,,
1062,중천,정우성,김태희,,
1063,착신아리 파이널,호리키타마키,쿠로키메이사,장근석,
1064,창공으로,정준,김보경,김정학,
1065,천상고원,이용희,김응수,,
1066,천하장사 마돈나,류덕환,,,
1067,청춘만화,권상우,김하늘,,
1068,투사부일체,정준호,김상중,정웅인,정운택
1069,포도나무를 베어라,서장원,기주봉,이민정,
1070,플라이 대디,이문식,이준기,,
1071,해바라기,하이안,,,
1072,해변의 여인,김승우,고현정,송선미,김태우
1073,허브,강혜정,배종옥,정경호,
1074,호로비츠를 위하여,엄정화,신의재,박용우,
1075,호박전,김서영,정미숙,장광,
1076,흡혈형사 나도열,김수로,,,
1077,Mr. 로빈 꼬시기,엄정화,다니엘헤니,,
1078,가발,채민서,유선,방중현,
1079,간 큰 가족,감우성,김수로,신구,김수미
1080,강력3반,김민준,허준호,,
1081,개와 늑대 사이의 시간,안길강,김선재,,
1082,거칠마루,권민기,김진명,성홍일,오미정
1083,공공의 적 2,설경구,정준호,,
1084,광식이 동생 광태,김주혁,봉태규,이요원,김아중
1085,나의 결혼 원정기,김국진,김원준,김승수,박광현
1086,내 생애 가장 아름다운 일주일,주현,오미희,천호진,진태현
1087,눈부신 하루,정재훈,,,
1088,다섯은 너무 많아,최시형,조시내,김도균,최가현
1089,레드 아이,박혜진,,,
1090,말아톤,조승우,김미숙,,
1091,무영검,이서진,윤소이,이기용,신현준
1092,미스터 주부퀴즈왕,한석규,신은경,공형진,
1093,바리바리 짱,신윤섭,김시명,강지수,
1094,박수칠 때 떠나라,차승원,신하균,,
1095,방과후 옥상,봉태규,진태현,정윤조,하석진
1096,방문자,,,,
1097,분홍신,김혜수,김성수,,
1098,브레인웨이브,김도윤,장세윤,,
1099,비단구두,민정기,최덕문,이성민,김다혜
1100,"사랑해, 말순씨",문소리,이재응,윤진서,
1101,상어,김남길,손예진,하석진,이하늬
1102,새드 무비,정우성,임수정,차태현,손태영
1103,"소년, 천국에 가다",염정아,박해일,,
1104,썬데이 서울,봉태규,이청아,고은아,박성빈
1105,"온 더 로드, 투",윤도현,박태희,김진원,허준
1106,왕후 심청,강희선,,,
1107,용서받지 못한 자,하정우,서장원,,
1108,웰컴 투 동막골,정재영,신하균,강혜정,
1109,작업의 정석,손예진,송일국,,
1110,종려나무 숲,김민종,김유미,,
1111,천군,박중훈,김승우,황정민,공효진
1112,청연,장진영,김주혁,,
1113,첼로 - 홍미주 일가 살인사건,성현아,,,
1114,카리스마 탈출기,안재모,윤은혜,,
1115,롤러코스터,정경호,한수현,,
1116,파랑주의보,차태현,송혜교,,
1117,형사 Duelist,하지원,강동원,안성기,
1118,6월의 일기,신은경,김윤진,에릭,
1119,그녀를 믿지 마세요,김하늘,강동원,,
1120,그 놈은 멋있었다,송승헌,정다빈,,
1121,그리스 로마 신화 - 올림포스 가디언 - 기간테스 대역습,,,,
1122,깃,장현성,이소연,조성하,
1123,까불지마,임유진,김정훈,최불암,오지명
1124,꽃피는 봄이 오면,권해성,김다혜,,
1125,날으는 돼지 - 해적 마테오,강수진,,,
1126,남극일기,송강호,유지태,,
1127,내 남자의 로맨스,김정은,김상경,오승현,
1128,내 머리 속의 지우개,정우성,손예진,,
1129,내 여자친구를 소개합니다,전지현,장혁,,
1130,내 사랑 싸가지,하지원,김재원,,
1131,늑대의 유혹,조한선,강동원,이청아,
1132,다섯개의시선,이명학,김홍균,,
1133,다섯 개의 시선,정은혜,김수현,안길강,이정헌
1134,"달마야, 서울 가자",신현준,정진영,,
1135,당시,최월매,,,
1136,댄서의 순정,문근영,박건형,,
1137,도마 안중근,유오성,,,
1138,돌려차기,김동완,현빈,조안,진태현
1139,령,김하늘,류진,,
1140,마법경찰 갈갈이와 옥동자,박준형,정종철,,
1141,마이 제너레이션,김병석,유재경,,
1142,마지막 늑대,양동근,황정민,,
1143,망치,,,,
1144,맹부삼천지교,조재현,손창민,,
1145,몽정기 2,이지훈,강은비,전혜빈,박슬기
1146,바람의 전설,이성재,박솔미,김수로,
1147,바람의 파이터,양동근,,,
1148,발레 교습소,윤계상,김민정,도지원,온주완
1149,슈퍼스타 감사용,이범수,윤진서,류승수,이혁재
1150,시실리 2km,임창정,권오중,임은경,변희봉
1151,신석기 블루스,이성재,김현주,이종혁,
1152,신성일의 행방불명,조현식,예수정,,
1153,신암행어사,구자형,배정미,전광주,엄상현
1154,아는 여자,정재영,이나영,,
1155,아라한 장풍대작전,류승범,윤소이,안성기,
1156,아홉살 인생,김석,이세영,나아현,김명재
1157,안녕! 유에프오,이범수,이은주,,
1158,"안녕, 형아",박지빈,,,
1159,알 포인트,감우성,손병호,박원상,오태경
1160,어깨동무,유동근,,,
1161,어디선가 누군가에 무슨 일이 생기면 틀림없이 나타난다 홍반장,김주혁,엄정화,김가연,
1162,어린 신부,김래원,문근영,,
1163,여고생 시집가기,임은경,은지원,,
1164,여선생 VS 여제자,염정아,이세영,이지훈,
1165,"여자, 정혜",김지수,황정민,,
1166,역도산,설경구,나카타니미키,,
1167,역전의 명수,정준호,윤소이,김혜나,
1168,연애술사,박진희,연정훈,,
1169,인형사,임은경,김유미,심형탁,옥지영
1170,"제니, 주노",박민지,김혜성,,
1171,키다리 아저씨,하지원,연정훈,,
1172,태극기 휘날리며,장동건,원빈,이은주,
1173,태풍태양,김강우,천정명,이천희,조이진
1174,투 가이즈,박중훈,차태현,,
1175,파송송 계란탁,임창정,이인성,,
1176,프락치,추헌엽,양영조,,
1177,효자동 이발사,송강호,이재응,문소리,
1178,B형 남자친구,이동건,한지혜,,
1179,S 다이어리,김선아,,,
1180,거울 속으로,유지태,김명민,김혜나,
1181,고독이 몸부림칠 때,주현,박영규,송재호,양택조
1182,국화꽃 향기,장진영,박해일,,
1183,그녀를 모르면 간첩,김정화,공유,,
1184,나는 나를 파괴할 권리가 있다,정보석,추상미,이수아,장현성
1185,내츄럴 시티,유지태,이재은,윤찬,서린
1186,돈 텔 파파,정웅인,유승호,채민서,
1187,동승,강혁일,김경남,전여빈,
1188,동해물과 백두산이,정준호,공형진,,
1189,똥개,정우성,김갑수,엄지원,김정태
1190,말죽거리 잔혹사,권상우,이정진,한가인,
1191,목두기 비디오,양아람,조연호,,
1192,목포는 항구다,조재현,차인표,송선미,
1193,보리울의 여름,박영규,차인표,장미희,신애
1194,봄 여름 가을 겨울 그리고 봄,오영수,김기덕,김영민,서재경
1195,봄날의 곰을 좋아하세요?,배두나,김남진,,
1196,불어라 봄바람,김승우,김정은,,
1197,비디오를 보는 남자,장현성,방은진,,
1198,빙우,이성재,송승헌,김하늘,
1199,살인의 추억,송강호,김상경,,
1200,선생 김봉두,차승원,,,
1201,실미도,설경구,안성기,허준호,정재영
1202,엘리시움,김장,김정아,이재명,사성웅
1203,역전에 산다,김승우,하지원,,
1204,영어 완전 정복,이나영,장혁,,
1205,오! 브라더스,이정재,이범수,,
1206,오! 해피데이,장나라,박정철,,
1207,오세암,김서영,박선영,,
1208,원더풀 데이즈,남태부,임호경,,
1209,위대한유산,노형욱,김인득,조연호,
1210,이중간첩,한석규,고소영,,
1211,조폭 마누라 2 - 돌아온 전설,신은경,,,
1212,천년호,정준호,김효진,,
1213,첫사랑 사수 궐기대회,차태현,손예진,유동근,
1214,초승달과 밤배,이요섭,한예린,강부자,
1215,최후의 만찬,,,,
1216,해피 에로 크리스마스,차태현,김선아,,
1217,화성으로 간 사나이,신하균,김희선,,
1218,황산벌,박중훈,정진영,이문식,
1219,4인용 식탁,박신양,전지현,유선,
1220,광복절 특사,설경구,차승원,송윤아,
1221,굳세어라 금순아,한혜진,강지환,,
1222,긴급조치 19호,홍경민,김장훈,공효진,노주현
1223,남자 태어나다,정준,홍경인,여현수,이원종
1224,도둑맞곤 못살아,박상면,소지섭,송선미,
1225,동첩,이지혜,동방우,,
1226,뚫어야 산다,박광현,박예진,,
1227,라이터를 켜라,김승우,차승원,,
1228,마들렌,조인성,신민아,,
1229,묻지마 패밀리,정재영,장신영,류덕환,임하룡
1230,성냥팔이 소녀의 재림,임은경,현성,,
1231,쓰리,이고르사보치킨,사말예슬라모바,,
1232,아이언 팜,차인표,김윤진,박광정,찰스전
1233,영매 - 산 자와 죽은 자의 화해,설경구,,,
1234,오버 더 레인보우,지현우,서지혜,환희,김옥빈
1235,울랄라 씨스터즈,이미숙,김원희,김민,김현수
1236,유아독존,박상면,안재모,이원종,
1237,일단 뛰어,김지석,최진혁,전혜진,류현경
1238,재밌는 영화,김수로,임원희,김정은,서태화
1239,좋은 사람 있으면 소개시켜줘,신은경,정준호,,
1240,질투는 나의 힘,,,,
1241,케이티,김갑수,사토코이치,최일화,하라다요시오
1242,품행 제로,류승범,임은경,공효진,
1243,피아노 치는 대통령,안성기,최지우,,
1244,필름 메이커,김재희,,,
1245,휘파람 공주,지성,김현수,,
1246,2009 로스트 메모리즈,장동건,나카무라토오루,,
1247,2424s,전광렬,정웅인,김래원,소유진
1248,YMCA 야구단,송강호,김혜수,,
1249,고양이를 부탁해,배두나,이요원,옥지영,
1250,고추 말리기,박준면,최천수,설정원,
1251,광시곡,장동직,김유석,박예진,
1252,교도소 월드컵,정진영,조재현,황인성,
1253,런딤,김정현,소유진,강수진,우정신
1254,마리 이야기,이병헌,공형진,안성기,배종옥
1255,몽중인,,,,
1256,미션 바라바,와타세츠네히코,오쿠다에이지,나영희,윤유선
1257,미워도 다시 한번 2002,이승연,이경영,,
1258,번지 점프를 하다,이병헌,이은주,,
1259,봄날은 간다,유지태,이영애,,
1260,신라의 달밤,이성재,차승원,김혜수,
1261,싸울아비,최재성,에노키다카아키,우메미야마사코,카츠노히로시
1262,엽기적인 그녀,주원,오연서,이정신,김윤혜
1263,와니와 준하,김희선,주진모,,
1264,우렁각시,,,,
1265,이소룡을 찾아랏!,크라잉넛,,,
1266,인디안 썸머,박신양,이미연,,
1267,잎새,박정철,최유정,방은진,
1268,작별,,,,
1269,천사몽,여명,박은혜,윤태영,이나영
1270,천사의 시,윤양하,윤호,,
1271,캅링크,양리칭,양쟁,노혜광,종려시
1272,턴 잇 업,이돈구,원소연,,
1273,파이란,최민식,장백지,,
1274,화산고,장혁,신민아,허준호,
1275,후로거츠,,,,
1276,흑수선,이미연,안성기,이정재,정준호
1277,용가리,해리슨영,리처드B.리빙스톤,,
1278,건드레스,제인앨런,,,
1279,공동경비구역 JSA,이영애,이병헌,송강호,김태우
1280,공포 특공대,백재현,이창명,김영철,
1281,나도 아내가 있었으면 좋겠다,전도연,설경구,,
1282,단적비연수,김석훈,설경구,최진실,김윤진
1283,동감,김하늘,유지태,,
1284,리베라 메,최민수,차승원,,
1285,물고기자리,이미연,,,
1286,반칙왕,송강호,장진영,,
1287,비천무,주진모,박지윤,,
1288,순애보,이정재,다치바나미사토,,
1289,스트라이커,서재경,이주석,김진형,심지호
1290,시월애,이정재,전지현,,
1291,플란다스의 개,이성재,배두나,,
1292,하면 된다,안석환,송옥숙,,
1293,하피,이정현,김래원,김꽃지,
1294,흑우,최재성,원표,이예지,
1295,간첩 리철진,유오성,박인환,박진희,
1296,건축무한육면각체의 비밀,김태우,신은경,이민우,
1297,마요네즈,김혜자,최진실,,
1298,벌이 날다,,,,
1299,북경반점,김석훈,명세빈,신구,정준
1300,새는 폐곡선을 그린다,설경구,김소희,,
1301,송어,강수연,황인성,설경구,이은주
1302,쉬리,한석규,최민식,송강호,김윤진
1303,여고괴담 두번째 이야기,김규리,박예진,이영진,공효진
1304,유령,설경구,이하늬,박소담,박해수
1305,인정사정 볼 것 없다,박중훈,안성기,장동건,최지우
1306,학교 전설,신동엽,최지나,전혜진,
1307,화이트 발렌타인,전지현,박신양,,
1308,기막힌 사내들,최종원,양택조,이경영,손현주
1309,내 마음의 풍금,이병헌,전도연,이미연,
1310,닥터 K,차인표,김혜수,김하늘,유인촌
1311,또또와 유령 친구들,최문자,,,
1312,루트 7,안도훈,박관수,우진영,정애진
1313,미술관 옆 동물원,심은하,안성기,이성재,송선미
1314,아름다운 시절,전익령,박그리나,최규환,최진혁
1315,엑스트라,임창정,나한일,박준희,김원희
1316,연풍연가,고소영,장동건,,
1317,율리시즈,김관철,,,
1318,이재수의 난,이정재,심은하,동방우,
1319,짱,문지후,김이린,김수경,위광훈
1320,찜,김혜수,안재욱,,
1321,철인사천왕,김승준,강수진,김일,안지환
1322,크리스마스에 눈이 내리면,김현주,박용하,,
1323,투 타이어드 투 다이,김혜수,금성무,미라소르비노,
1324,해가 서쪽에서 뜬다면,임창정,고소영,차승원,
1325,8월의 크리스마스,,,,
1326,그는 나에게 지타를 아느냐고 물었다,김갑수,,,
1327,깊은 슬픔,강수연,김승우,황인성,배종옥
1328,꽃을 든 남자,,,,
1329,난중일기,,,,
1330,낮은 목소리 2,윤두리,김복동,심미자,박두리
1331,똑바로 살아라,노주현,박영규,,
1332,마리아와 여인숙,심혜진,신현준,김상중,
1333,모텔 선인장,이미연,진희경,정우성,박신양
1334,미스터 콘돔,김혜수,김호진,,
1335,바리케이드,김의성,김정균,,
1336,백수 스토리,박중현,정호경,권용운,
1337,블랙잭,최민수,강수연,,
1338,쁘아종,이수아,박신양,이경영,
1339,사이버 전사,이광수,좌술,다렌샤라비,
1340,스커트 속의 드라마,조형기,김보연,이승현,유성
1341,야생동물 보호구역,조재현,장동직,장륜,샤샤뤼카비나
1342,의적 임꺽정,,,,
1343,전사 라이안,,,,
1344,초록물고기,한석규,심혜진,문성근,
1345,테러리스트 2,김형일,한수지,이주철,
1346,표류일기,이나리,이영하,전무송,선우은숙
1347,홀리데이 인 서울,최진실,김민종,장동건,진희경
1348,고스트 맘마,최진실,김승우,,
1349,나에게 오라,박상민,김정현,최민수,
1350,돼지가 우물에 빠진 날,김의성,박진성,조은숙,이응경
1351,드래곤 투카,심형래,,,
1352,미지왕,조상기,김현희,임지선,정상인
1353,본 투 킬,정우성,심은하,,
1354,불새,이서진,이은주,정혜영,에릭
1355,사랑 그리고 죽는 연습,정인철,강선영,,
1356,아기공룡 둘리 - 얼음별 대모험,박영남,이인성,,
1357,아마게돈,최불암,이병헌,,
1358,애니깽,장미희,임성민,김성수,김청
1359,어른들은 청어를 굽는다,허준호,이응경,박치순,이하얀
1360,언더그라운드,,,,
1361,언픽스,한재석,오천련,유청운,황사리
1362,왕후 에스더,,,,
1363,용병 이반,박상원,김지혜,송재호,하유미
1364,채널 식스 나인,신현준,홍경인,최선미,
1365,천년환생,김청,윤철형,김연주,
1366,충무로 돈키호테,조형기,,,
1367,코르셋,이혜은,이경영,김승우,
1368,크레이지 댄스,강석현,아이라,홍승희,
1369,킬링 게임,이광수,최소희,김광수,차룡
1370,투 맨,최재성,허준호,유혜정,
1371,투캅스 2,박중훈,김보성,,
1372,피아노 맨,이승연,최민수,,
1373,1996 뽕,예지원,조형기,,
1374,7악동,신준호,정태우,윤동원,최우혁
1375,개같은 날의 오후,하유미,정선경,손숙,
1376,검으나 땅에 희나 백성,전규수,김미진,,
1377,금홍아 금홍아,김갑수,김수철,이지은,
1378,꼬리치는 남자,박중훈,김지호,,
1379,내일로 흐르는 강,이대연,이인철,김예령,이홍성
1380,네온 속으로 노을지다,채시라,문성근,양금석,김의성
1381,노란 손수건,조민기,이태란,김호진,추상미
1382,닥터 봉,한석규,김혜수,,
1383,도둑과 시인,최재성,강문영,김혜리,김규철
1384,런어웨이,,,,
1385,말미잘,천영덕,안성기,나영희,이영하
1386,머저리와 등신들,정인철,남포동,,
1387,무소의 뿔처럼 혼자서 가라,강수연,심혜진,이미연,
1388,붉은 매,장세준,장광,,
1389,비설,고주희,정길채,,
1390,빛은 내 가슴에,이세창,김예지,,
1391,아름다운 게임,임소정,오한나,주동미,진재호
1392,여자 일기,이영욱,윤철형,,
1393,영원한 제국,안성기,조재현,김혜수,김명곤
1394,이도백화,이대엽,강석현,양미,마흥식
1395,천재 선언,안성기,김명곤,홍진경,
1396,태권 파이터,정국현,이주철,김진수,
1397,파워 킹,심형래,전제혁,,
1398,해병 묵시록,유영국,윤일봉,,
1399,헝그리 베스트 5,장세준,이정구,김승준,김준
1400,헤어 드레서,안성기,지수원,,
1401,휘파람 부는 여자,김형일,김보라나,이정후,
1402,거꾸로 가는 여자,강리나,남성훈,남영진,
1403,그리움엔 이유가 없다,김수안,이일화,,
1404,대통령의 딸,유지원,이정성,,
1405,드라큐라 애마,오노아,고형준,원석,정애진
1406,라이 따이한,이창훈,김수안,,
1407,립스틱 그리고 남자의 사랑,윤양하,오경아,김준우,
1408,마누라 죽이기,박중훈,최진실,,
1409,마스카라,장두이,,,
1410,매춘 4,강선영,,,
1411,무거운 새,손창민,송채환,,
1412,복카치오 94,고형준,김원범,박진위,이세련
1413,붉은 마피아,왕호,,,
1414,블루 시걸,최민수,김혜수,,
1415,비는 사랑을 타고,김호진,신은경,,
1416,빨간 앵두 8,김국현,이유라,,
1417,세상밖으로,,,,
1418,숲속의 여자,강지희,황명하,남궁소희,이덕영
1419,슈퍼 차일드,이선주,황윤걸,,
1420,아주 특별한 변신,이혜영,손창민,홍승기,
1421,암흑가의 황제,거룡,이진영,김미영,
1422,애마부인 10,오노아,원식,,
1423,애수의 하모니카,김병세,고정민,,
1424,에덴의 서쪽,문태선,이민숙,,
1425,우리 시대의 사랑,이영하,조수혜,전미선,김미영
1426,우연한 여행,김명곤,김선우,윤수진,안해숙
1427,자정 이후,고현제,이제락,채진영,
1428,장미의 나날,강수연,이보희,이경영,김병세
1429,증발,최준원,최용진,최준선,강성우
1430,지역구,추민,정다혜,,
1431,천하대장군,상일환,김기호,,
1432,키스도 못하는 남자,최수종,김혜선,,
1433,태백산맥,안성기,김명곤,김갑수,
1434,태양 속의 남자,이경호,강리나,,
1435,티라노의 발톱,심형래,,,
1436,하몽 하몽 서울,김경희,민지아,허준호,박준규
1437,헤드폰을 벗어라,김애경,김의환,박지민,
1438,혼자 뜨는 달,이세창,김진경,이강선,정선경
1439,49일의 남자,정보석,이보희,,
1440,B 타임의 정사 4,김경주,한명구,황성영,
1441,가위 여자,소비아,한지일,,
1442,개그 특공대 로봇 트윈스,심형래,이창훈,,
1443,거부하는 몸짓으로 저 하늘을,소비아,권병준,조경래,
1444,내 마음에는 악어가 산다,조선묵,,,
1445,러브 호텔 비상구,엄도일,유아라,,
1446,마당쇠와 언년이,박양희,정인철,김운아,
1447,매춘 3,박진영,한영수,김경진,장은주
1448,모스크바에서 온 S 여인,마흥식,올가카보,,
1449,무엇에 쓰는 물건인고,김문희,이미지,이상일,
1450,배꼽 위에 여자,유연실,한명구,,
1451,불꽃 슛 통키,이미림,문성복,,
1452,뽕띠,임옥경,정인철,최민,
1453,사라는 유죄,정철야,김주연,,
1454,사라의 계절,정인철,홍여진,문미봉,조문영
1455,사랑받는 여자,,,,
1456,산딸기 6,강혜지,이영욱,김국한,
1457,소녀 18세,백일섭,이의정,,
1458,아담이 눈뜰 때,최재성,이윤성,유혜리,
1459,암흑가의 무소속,박세준,,,
1460,애마부인 8,루미나,강은아,노현우,
1461,애마부인 9,진주희,박결,노현우,강선영
1462,여자 아리랑,진주희,임옥경,윤철형,
1463,여자의 일생,최수지,한영수,,
1464,영구와 공룡 쮸쮸,심형래,,,
1465,오렌지 나라,김민종,강민경,민소원,
1466,오사카의 푸른 밤,홍여진,유연실,홍주희,
1467,웨스턴 애비뉴,강수연,정보석,,
1468,유혹의 샘,소비아,하재영,김성수,
1469,첫사랑,,,,
1470,키드 캅,이재석,김민정,,
1471,한 줌의 시간 속에서,전무송,이미경,,
1472,화엄경,이수현,김동순,서미순,최병숙
1473,홧김에?,소비아,김경진,남정희,
1474,B 타임의 정사 3,박양희,한명구,,
1475,가슴에 돋는 칼로 슬픔을 자르고,조재현,홍석연,박종철,장민성
1476,걸어서 하늘까지,김혜선,최민수,손지창,
1477,검은 모자,이대근,박준규,김기주,
1478,겨울 연가,배용준,최지우,박용하,박솔미
1479,결혼이야기,,,,
1480,고독한 실력자,나한일,이윤희,,
1481,공룡선생,이정재,김희선,이민우,
1482,그대 품에 아카시아 향기,김문희,장승화,강승미,
1483,꾼사냥,엄도일,주호성,,
1484,나는 너를 천사라고 부른다,강리나,최윤석,,
1485,넝쿨 속의 히야신스,추민,이상아,,
1486,늪 속의 불안개는 잠들지 않는다,강리나,이대근,,
1487,도색부인,장승화,엄도일,이희진,김은지
1488,돈 황제,강석현,마흥식,,
1489,돌아오라 개구리 소년,장덕수,변성현,,
1490,땅끝에 선 연인,임성민,최수지,,
1491,뜨거운 바다,하재영,김아령,,
1492,로맨스 황제,박영규,신신애,이혜진,이정희
1493,머저리와 도둑놈,심형래,유퉁,,
1494,모두가 죽이고 싶던 여자,이유진,하유미,한지일,
1495,무인도의 남과 여,오미경,이진영,국정환,
1496,미스터 맘마,최민수,최진실,김민형,
1497,벗어버린 사슬,최동준,장순천,,
1498,변금련 2,강리나,,,
1499,복수혈전,안재욱,오연수,김혜수,손창민
1500,복카치오 92,민지아,우아미,,
1501,봉성부인,김정아,단립문,,
1502,불행한 아이의 행복,이영하,유지인,김성원,문정숙
1503,빠담풍,강리나,전무송,육철,
1504,뽕 3,유연실,한태일,,
1505,새알 각하,주현,유연실,강남길,
1506,서울에서 마지막 탱고 2,유명길,신영민,,
1507,성애의 침묵,유혜리,실비아크리스텔,,
1508,세나의 신혼 일기,김진경,신민철,,
1509,소녀경,이미지,남궁원,전혜성,김국현
1510,신혼여행 특공대,이광수,임수희,,
1511,씨내리,김용일,최희정,,
1512,안개에 젖은 리오의 밤은 깊어,이동준,홍여진,,
1513,애마부인 7,강승미,이무정,,
1514,에미의 들,정영숙,정동환,,
1515,여비서 클럽,전세영,,,
1516,영구와 흡혈귀 드라큐라,심형래,,,
1517,우리가 진정 가야할 곳은,정낙희,최성철,,
1518,우리들의 일그러진 영웅,홍경인,고정일,최민식,태민영
1519,원색의 청춘,손상숙,,,
1520,위험수위,손민석,동방우,이미은,
1521,유리벽 속의 두 연인,정인철,이윤희,,
1522,이별 아닌 이별,김성수,하재영,이정웅,
1523,이혼하지 않은 여자,고두심,박상민,,
1524,장닭 고교 얄개,정명현,정세혁,원종례,홍정희
1525,정신나간 유령,김정식,서현선,조정현,
1526,째즈빠 히로시마,강석우,염정아,유혜리,
1527,쿵후 보이 친미,이창훈,송금식,,
1528,황홀한 유혹,소비아,김성수,,
1529,13월의 겨울,민복기,유장현,,
1530,B 타임의 정사 2,유명진,서영호,한명구,정은정
1531,가진 것 없소이다,엄도일,박근형,박재영,
1532,가출 소년과 쌍코 대작전,이건주,최형선,곽성호,정동남
1533,갈마,이대근,전세영,홍여진,
1534,개벽,이덕화,이혜영,,
1535,경마장 가는 길,강수연,문성근,김보연,
1536,꽃 그늘 속에 부는 바람,박양희,김진,,
1537,끼있는 여자는 밤이슬을 좋아한다,임옥경,장승화,최민,곽은경
1538,나를 보라 아메리카,박준범,에릭에스트라다,,
1539,나의 아내를 슬프게 하는 것들,고두심,노주현,오솔미,이혜근
1540,낙타는 따로 울지 않는다,이혜숙,손창민,,
1541,내일은 비,심혜진,지경원,박영규,윤여성
1542,누가 용의 발톱을 보았는가,안성기,김성령,박근형,강신성일
1543,달빛 타는 여자,선우일란,엄도일,소비아,조혜경
1544,돈아 돈아 돈아,김상중,민복기,주리혜,노경주
1545,따봉 수사대 - 밥풀떼기 형사와 전봇대 형사,김정식,전유성,진수정,
1546,밤으로의 긴 여로,선우일란,한지일,원준,김진화
1547,백백교,이대근,김형자,,
1548,베를린 리포트,안성기,강수연,문성근,
1549,별이 빛나는 밤에,,,,
1550,병팔이의 일기,최병서,최형선,신영진,
1551,불새의 춤,한윤경,김국현,,
1552,붉은 신호에 걷는 여자,소비아,김기석,엄도일,이상훈
1553,뻘,이영하,민복기,이정은,
1554,뽀식이와 꼬마 특공단,김유행,이용식,,
1555,뽕밭 나그네,유영국,강리나,박찬환,
1556,사랑스런 이웃집 여자,박양희,김진,이영수,정인철
1557,산딸기 4,강혜지,김국현,,
1558,산딸기 5,국희,이영욱,소비아,김도은
1559,산산이 부서진 이름이여,최진영,김금용,,
1560,삼중성,이봉원,박지수,,
1561,서글픈 사랑의 시작,최동진,유명진,최완진,
1562,서울 야누스,하재영,강혜지,손상숙,최민
1563,서울의 눈물,이영하,정보석,김덕경,
1564,세상 끝의 향기,정동환,정낙희,김정팔,
1565,세상은 살만큼 아름답다,신원섭,신혜수,최종원,백종선
1566,숲속의 방,최진실,김성령,,
1567,스무살까지만 살고 싶어요,윤연경,문성근,최진영,
1568,스물 일곱 송이 장미,유혜리,나한일,우연희,장승화
1569,실크 커텐 저편,김기석,,,
1570,아그네스를 위하여,최수지,최민수,정보석,
1571,아들 나라,신혜수,엄도일,,
1572,아르바이트 여자,김미영,신용규,이윤희,이무정
1573,아침이 오면 그대 이름으로,이경영,박혜란,전무송,김진화
1574,어둔 밤 어둔 곳에,이동준,김승환,김선애,나유경
1575,어허 어이 어이가리,강문수,최길호,,
1576,에미 이름은 조센삐였다,강혜지,강현숙,,
1577,여자는 추억 속에 집을 짓는다,유혜리,정승호,,
1578,열 아홉의 절망 끝에 부르는 하나의 사랑 노래,안성기,강수지,김보성,최진영
1579,영구와 황금박쥐,심형래,,,
1580,예수 천당,이영후,성찬숙,맹찬제,
1581,오 내 사랑 임꺽정,강주현,김상락,박기문,
1582,외길가게 하소서,방희,한인수,김운하,
1583,용궁에서 온 거북이와 이무기,박기문,이웅열,김희라,
1584,우주의 용사 반달가면,김흥국,최영준,정명재,박지수
1585,우주 전사 불의 사나이,이경규,장민성,장민석,김지영
1586,유혹의 강,임주연,정승호,김동현,김부선
1587,은마는 오지 않는다,이혜숙,김보연,,
1588,이태원 밤 하늘엔 미국 달이 뜨는가,전세영,최진영,,
1589,인생이 뭐 객관식 시험인가요,신은경,박진성,선우재덕,홍리나
1590,잃어버린 너,김혜수,강석우,이경영,
1591,장미빛 여자,이윤희,신성하,,
1592,제3구역,이유진,신태양,유영국,
1593,조금만 참아줘요,민복기,,,
1594,지금 우리는 사랑하고 싶다,안정훈,신윤정,맹지열,윤수정
1595,첫날 밤에 내린 비,정인철,강혜지,신성하,
1596,코리언 보이,김진수,,,
1597,탄드라 부인,임영규,선우일란,이주철,김용건
1598,텔레파시 여행,왕호,김선애,김호영,박진주
1599,피와 불,박근형,전무송,이혜영,김영애
1600,하나님이 어디 있어요,김성범,황지현,김석태,
1601,하얀 비요일,변우민,옥소리,이경영,
1602,15년 3시간 전,안소희,한의석,한태일,조영이
1603,검은 도시,조상구,이영욱,조혜수,이유진
1604,겨울 꿈은 날지 않는다,최민수,이혜영,,
1605,그들도 우리처럼,,,,
1606,그래 가끔 하늘을 보자,이미연,김보성,변우민,
1607,금병풍월,단립문,이완숙,조사리,
1608,꼴찌부터 일등까지 우리반을 찾습니다,이수일,유경아,문성근,이대로
1609,꿈꾸는 식물,김진화,진영미,하재영,이외수
1610,남자 시장,최민수,,,
1611,너는 나의 황홀한 지옥,박찬환,이혜진,,
1612,너에게로 또다시,최수종,하희라,김민종,
1613,누가 붉은 장미를 꺾었나,김청,박근형,,
1614,눈물의 웨딩 드레스,강리나,천은경,,
1615,늪 속의 여촌장,박기택,최미숙,유영홍,
1616,단지 그대가 여자라는 이유만으로,원미경,이영하,,
1617,대학촌의 달빛,김세준,김형자,,
1618,도시의 상처,박양희,홍석의,,
1619,동경 아리랑,우연희,허윤정,손창호,김동현
1620,동춘별곡,문태선,이민숙,김운하,
1621,드래곤볼,허성태,심형래,이주희,
1622,땡삐,이대근,유혜진,,
1623,로보트 태권V 90,이승형,강민경,,
1624,로티의 모험,,,,
1625,마야고,이영숙,신미아,이영욱,
1626,마유미,김서라,이학재,강신성일,조지케네디
1627,마지막 남자의 모습,정소녀,남성훈,하유미,김인문
1628,매춘시대,최유리,이진선,마흥식,유성
1629,물위를 걷는 여자,최수지,박지영,최상훈,
1630,미친 사랑의 노래,김구미자,박진성,박찬환,
1631,반쪽 아이들,이재학,이미나,정혜선,최불암
1632,별난 두 영웅,심형래,박미선,,
1633,보통 여자 시대,신성아,,,
1634,불타는 태양,송경철,,,
1635,비에 젖어서야 사랑하노라,이윤희,이동준,,
1636,빨간 앵두 5,김정아,김국현,,
1637,사랑은 지금부터 시작이야,최재성,신은경,강민경,김보라나
1638,새벽에서 밤까지,박찬환,이혜진,성미진,이인옥
1639,색녀도,김정아,김국현,,
1640,서울 통화중,이대근,김성찬,민복기,
1641,서울의 달빛,정소녀,이영욱,,
1642,소쩍궁 탐정,심형래,주현정,민복기,
1643,수탉,김인문,최유라,,
1644,슈퍼맨 일지매,최수종,강희영,,
1645,신의 이방인,김현진,한명구,손흥,
1646,애견부인,박양희,하재영,임형균,
1647,애마부인 4,주리혜,이동준,,
1648,어느 모델의 사랑,김주승,이윤희,,
1649,어둠의 딸,이진선,이대근,,
1650,언제나 그 자리에,정소녀,김천만,,
1651,여자 배달부는 고장난 신호등,한윤경,홍성영,이강조,
1652,역사는 이렇게 시작됐다,강신성일,홍세미,,
1653,영심이,이혜근,전원석,,
1654,영웅필살,송경철,남포동,,
1655,영웅 후레쉬,강남길,최혜영,,
1656,용감한 사람들,김청,안승훈,,
1657,용의 유혼,장복건,추봉,김희정,
1658,우묵배미의 사랑,박중훈,최명길,유혜리,
1659,이제 그 여자는 여기 살지 않는다,이재희,,,
1660,있잖아요 비밀이에요,최수종,하희라,이경영,김민종
1661,자유 여자,김정아,박일,천호진,
1662,잿빛 사랑 노트,김승진,고은희,,
1663,짚시 애마,이화란,후안페드로투델라,,
1664,쫄병 수첩 2,전호진,이상운,이혜진,
1665,천국의 땅,나영희,진영미,김기섭,
1666,코리안 커넥션,강신성일,이혜영,,
1667,타악기의 계절,박선주,최동준,천호진,
1668,팁 2,이혜진,김재성,김기석,
1669,호스테스 미스 고,정인철,조혜수,,
1670,혼자 도는 바람개비,고정일,여운계,정유석,안연홍
1671,홍두깨,김진태,이미지,,
1672,화대,김경진,고영준,김부선,
1673,휴거,이종만,정영숙,김재이,
1674,흑설,이진,홍일권,김춘식,
1675,1990년 자유부인,고두심,강석우,김흥기,
1676,90 벌레먹은 장미,남성훈,김희아,,